{"stats":{"minecraft:killed":{"minecraft:skeleton":1,"minecraft:sheep":4,"minecraft:horse":1},"minecraft:used":{"minecraft:wooden_sword":20,"minecraft:dirt":2,"minecraft:crafting_table":1},"minecraft:picked_up":{"minecraft:arrow":2,"minecraft:leather":1,"minecraft:wheat_seeds":3,"minecraft:gray_wool":1,"minecraft:oak_log":2,"minecraft:mutton":6,"minecraft:white_wool":2,"minecraft:dirt":2},"minecraft:crafted":{"minecraft:wooden_sword":1,"minecraft:oak_planks":8,"minecraft:crafting_table":1,"minecraft:stick":4},"minecraft:mined":{"minecraft:grass":17,"minecraft:grass_block":2,"minecraft:oak_log":2,"minecraft:tall_grass":6},"minecraft:custom":{"minecraft:time_since_rest":4821,"minecraft:play_time":4821,"minecraft:crouch_one_cm":3,"minecraft:sprint_one_cm":11152,"minecraft:damage_taken":40,"minecraft:walk_one_cm":4278,"minecraft:sneak_time":115,"minecraft:mob_kills":6,"minecraft:jump":151,"minecraft:damage_dealt":730,"minecraft:leave_game":1,"minecraft:time_since_death":4821,"minecraft:total_world_time":4821,"minecraft:interact_with_crafting_table":1,"minecraft:fall_one_cm":6736,"minecraft:fly_one_cm":265773}},"DataVersion":3120}