{"stats":{"minecraft:killed":{"minecraft:sheep":1,"minecraft:chicken":1},"minecraft:crafted":{"minecraft:crafting_table":1,"minecraft:stick":4,"minecraft:wooden_pickaxe":1,"minecraft:jungle_planks":12},"minecraft:used":{"minecraft:mutton":2,"minecraft:dirt":14,"minecraft:crafting_table":1,"minecraft:wooden_pickaxe":25},"minecraft:mined":{"minecraft:grass":34,"minecraft:grass_block":4,"minecraft:jungle_log":3,"minecraft:dirt":10,"minecraft:tall_grass":1,"minecraft:stone":6,"minecraft:fern":2},"minecraft:dropped":{"minecraft:feather":2,"minecraft:chicken":1},"minecraft:picked_up":{"minecraft:cocoa_beans":2,"minecraft:feather":2,"minecraft:chicken":1,"minecraft:jungle_log":3,"minecraft:wheat_seeds":2,"minecraft:mutton":2,"minecraft:white_wool":1,"minecraft:dirt":14,"minecraft:cobblestone":5},"minecraft:custom":{"minecraft:time_since_rest":7896,"minecraft:crouch_one_cm":2936,"minecraft:play_time":7896,"minecraft:sprint_one_cm":20271,"minecraft:damage_taken":30,"minecraft:walk_one_cm":3689,"minecraft:sneak_time":708,"minecraft:mob_kills":2,"minecraft:drop":2,"minecraft:jump":241,"minecraft:damage_dealt":120,"minecraft:leave_game":1,"minecraft:time_since_death":7896,"minecraft:total_world_time":7896,"minecraft:climb_one_cm":114,"minecraft:fly_one_cm":44437,"minecraft:interact_with_crafting_table":2,"minecraft:fall_one_cm":8986}},"DataVersion":3120}