{"stats":{"minecraft:picked_up":{"minecraft:birch_log":2},"minecraft:custom":{"minecraft:jump":91,"minecraft:time_since_rest":1932,"minecraft:leave_game":1,"minecraft:sprint_one_cm":7555,"minecraft:play_time":1932,"minecraft:damage_taken":10,"minecraft:time_since_death":1932,"minecraft:walk_one_cm":3276,"minecraft:sneak_time":2,"minecraft:total_world_time":1932,"minecraft:fall_one_cm":1080,"minecraft:fly_one_cm":8914},"minecraft:mined":{"minecraft:birch_log":2,"minecraft:birch_leaves":1},"minecraft:used":{"minecraft:birch_planks":1},"minecraft:crafted":{"minecraft:birch_planks":8}},"DataVersion":3465}